{
    "RMSE": 0.7445412069441132,
    "MAE": 0.5856939281267932,
    "R2": 0.1694556899547014
}