{
    "RMSE": 0.7088533827147233,
    "MAE": 0.5563402945650131,
    "R2": 0.1700146709842978
}