{
    "RMSE": 0.6688720685887317,
    "MAE": 0.5322018443442235,
    "R2": 0.2573749098763678
}